izvajalec,drzava,leto_rojstva
Mark Ronson,United States,1975
Bruno Mars,United States,1985
Ed Sheeran,United Kingdom,1991
Wiz Khalifa,United States,1987
Charlie Puth,United States,1991
Fetty Wap,United States,1991
Maroon 5,United States,
Walk The Moon,United States,
Taylor Swift,United States,1989
Silentó,United States,1998
The Weeknd,Canada,1990
OMI,Jamaica,1986
Ellie Goulding,United Kingdom,1986
Hozier,Ireland,1990
Kendrick Lamar,United States,1987
Major Lazer,United States,
Dj Snake,France,1986
MØ,Denmark,1988
Jason Derulo,United States,1989
Skrillex,United States,1988
Diplo,United States,1978
Jack Ü,United States,
Justin Bieber,Canada,1994
Rachel Platten,United States,1981
Remy Boyz,United States,1990
Meghan Trainor,United States,1993
Fifth Harmony,,
Kid Ink,United States,1986
Omarion,United States,1984
Chris Brown,United States,1989
Jhené Aiko,United States,1988
Andy Grammer,United States,1983
Sam Smith,United Kingdom,1992
Selena Gomez,United States,1992
Asap Rocky,United States,1988
Drake,Canada,1986
David Guetta,France,1967
Nicki Minaj,United States,1982
Bebe Rexha,United States,1989
Afrojack,Netherlands,1987
Flo Rida,United States,1979
Sage The Gemini,United States,1992
Lookas,United States,
Adele,United Kingdom,1988
Shawn Mendes,Canada,1998
Tove Lo,Sweden,1987
Nick Jonas,United States,1992
Pitbull,United States,1981
Ne-Yo,United States,1979
R. City,United States,1982
Adam Levine,United States,1979
Natalie La Rose,Netherlands,1988
Jeremih,United States,1987
Rihanna,United States,1988
Kanye West,United States,1977
Paul Mccartney,United Kingdom,1942
Fall Out Boy,United States,
Monty,,
Sam Hunt,United States,1984
Big Sean,United States,1988
E-40,United States,1967
Rich Homie Quan,United States,1989
T-Wayne,United States,1990
Lil Wayne,United States,1982
Sia,United States,1975
Demi Lovato,United States,1992
X Ambassadors,United States,
Usher,United States,1978
Juicy J,United States,1975
Ariana Grande,United States,1993
AlunaGeorge,United Kingdom,
Beyoncé,United States,1981
Little Big Town,United States,
Trey Songz,United States,1984
One Direction,United Kingdom,
Meek Mill,United States,1987
Rae Sremmurd,United States,
Vance Joy,St Kevin'S College Monash University,1987
Jidenna,United States,1985
Roman Gianarthur,,1988
Elle King,United States,1989
John Legend,United States,1978
James Newton Howard,United States,1951
Jennifer Lawrence,United States,1990
O.T. Genasis,United States,1987
Jessie J,United Kingdom,1988
ILoveMakonnen,United States,1989
iLoveMemphis,United States,1993
Macklemore & Ryan Lewis,United States,
Eric Nally,United States,
Melle Mel,,1961
Kool Moe Dee,,1962
Grandmaster Caz,United States,1960
Tyga,United States,1989
Luke Bryan,United States,1976
George Ezra,United Kingdom,1993
Kelly Clarkson,United States,1982
Ella Henderson,,1996
Alessia Cara,Canada,1996
Mr Probz,Netherlands,1984
Nicky Jam,United States,1981
Enrique Iglesias,United States,1975
Calvin Harris,United Kingdom,1984
Disciples,United Kingdom,
Wizkid,Nigeria,1990
Kyla,United Kingdom,1983
Twenty One Pilots,United States,
Desiigner,United States,1997
The Chainsmokers,United States,
Daya,United States,1998
Justin Timberlake,United States,1981
Halsey,United States,1994
Sean Paul,Jamaica,1973
Lukas Graham,Denmark,
Mike Posner,United States,1988
Ty Dolla Sign,United States,1982
DNCE,,
G-Eazy,United States,1989
Zayn,United Kingdom,1993
Rozes,United States,1993
Future,United States,1983
Pink,United States,1979
DRAM,United States,1988
Lil Yachty,United States,1997
Bryson Tiller,United States,1993
Gnash,United States,1993
Olivia O'Brien,United States,1999
James Bay,United Kingdom,1990
Zara Larsson,Sweden,1997
MNEK,United Kingdom,1994
Kent Jones,United States,1993
Florida Georgia Line,,
Kiiara,United States,1995
Kevin Gates,United States,1986
Daft Punk,France,
Dj Khaled,United States,1975
Flume,United States,1991
Kai,Canada,1990
Thomas Rhett,United States,1990
Post Malone,United States,1995
Imagine Dragons,United States,
Logic,United States,1990
Yo Gotti,United States,1981
Tory Lanez,Canada,1992
Coldplay,United Kingdom,
Travis Scott,United States,1991
Ruth B,Canada,1995
Bipolar Sunshine,United Kingdom,1987
Jay-Z,United States,1969
Camila Cabello,United States,1997
Fat Joe,United States,1970
Remy Ma,United States,1980
French Montana,United States,1984
Infared,,
Young Thug,United States,1991
Young Dolph,United States,1985
Hailee Steinfeld,United States,1996
Grey,,
Zedd,Germany,1989
Tim Mcgraw,United States,1967
Luis Fonsi,United States,1978
Daddy Yankee,Puerto Rico,1976
Migos,United States,
Lil Uzi Vert,United States,1994
Quavo,United States,1991
James Arthur,United Kingdom,1988
Chance The Rapper,United States,1993
Swae Lee,United States,1993
Gucci Mane,United States,1980
Khalid,United States,1998
Cardi B,United States,1992
Childish Gambino,United States,1983
Kygo,Norway,1991
Kyle,United States,1993
Julia Michaels,United States,1993
Niall Horan,Ireland,1993
Liam Payne,United Kingdom,1993
Machine Gun Kelly,United States,1990
Clean Bandit,United Kingdom,
Anne-Marie,United Kingdom,1990
Portugal. The Man,United States,
21 Savage,United States,1992
J Balvin,Colombia,1985
Willy William,France,1981
Kodak Black,United States,1997
Brett Young,United States,1981
Aminé,United States,1994
Ayo & Teo,United States,
Zay Hilfigerrr & Zayion Mccall,,
Kesha,United States,1987
Frank Ocean,United States,1987
Kane Brown,United States,1993
Lauren Alaina,United States,1994
Katy Perry,United States,1984
Skip Marley,Jamaica,1996
Pharrell Williams,United States,1973
Jon Bellion,United States,1990
Luke Combs,,1990
Playboi Carti,United States,1995
SZA,United States,1989
A Boogie Wit Da Hoodie,United States,1995
Harry Styles,United Kingdom,1994
Miley Cyrus,United States,1992
Marian Hill,United States,
Cheat Codes,United States,
Dustin Lynch,United States,1985
Yfn Lucci,United States,1991
Pnb Rock,United States,1991
Blackbear,United States,1990
XXXTentacion,United States,1998
Keith Urban,United States,1967
Carrie Underwood,United States,1983
Bad Bunny,Puerto Rico,1994
Maren Morris,United States,1990
Juice Wrld,United States,1998
Ella Mai,United Kingdom,1994
Dua Lipa,United Kingdom,1995
Normani,United States,1996
Bazzi,United States,1997
Blocboy Jb,United States,1996
Lil Baby,United States,1994
Marshmello,,1992
Offset,United States,1991
NF,United States,1991
6ix9ine,United States,1996
Murda Beatz,Canada,1994
Dan + Shay,United States,
Lauv,United States,1994
5 Seconds Of Summer,United States,
Metro Boomin,United States,1993
Lil Pump,United States,2000
Zacari,United States,1994
Lil Dicky,United States,1988
Rich The Kid,United States,1992
YG,United States,1990
2 Chainz,United States,1977
Max,United States,1992
Jason Aldean,United States,1977
Asap Ferg,United States,1988
Miguel,,1985
Benny Blanco,United States,1988
Jay Rock,,1985
James Blake,United Kingdom,1988
Bastille,United Kingdom,
Nio García,,
Darell,,1990
Casper Mágico,,
Ozuna,Puerto Rico,1992
N.E.R.D,United States,
Chris Stapleton,United States,1978
Kenny Chesney,United States,1968
Youngboy Never Broke Again,United States,1999
Lil Nas X,United States,1999
Billy Ray Cyrus,United States,1961
Billie Eilish,United States,2001
Jonas Brothers,United States,
Panic! At The Disco,United States,
Lizzo,United States,1988
Lady Gaga,United States,1986
Bradley Cooper,United States,1975
Ava Max,United States,1994
DaBaby,United States,1991
J. Cole,United States,1985
Gunna,United States,1993
Lewis Capaldi,United Kingdom,1996
Lil Tecca,United States,2002
Rick Ross,United States,1976
Brendon Urie,United States,1987
Polo G,United States,1999
Lil Tjay,United States,2001
Blueface,United States,1997
Sheck Wes,United States,1998
Morgan Wallen,United States,1993
Blake Shelton,United States,1976
Dean Lewis,United States,1987
Mustard,United States,1990
Blanco Brown,,1985
Calboy,United States,1999
Lauren Daigle,United States,1991
Snow,Canada,1969
Ynw Melly,United States,1999
City Girls,United States,
Shaed,United States,
Flipp Dinero,,1995
Pinkfong,,
Saweetie,United States,1993
Yk Osiris,,1998
Lee Brice,United States,1979
Megan Thee Stallion,United States,1995
Nle Choppa,United States,2002
Chase Rice,United States,1985
Social House,United States,1987
Roddy Ricch,United States,1998
Doja Cat,United States,1995
Gabby Barrett,United States,2000
Jack Harlow,United States,1998
Tones And I,United States,
Arizona Zervas,United States,1995
Saint Jhn,Guyana,1986
Trevor Daniel,,1994
Lil Mosey,United States,2002
Jawsh 685,New Zealand,2002
BTS,South Korea,
Lil Durk,,1992
Powfu,Canada,1999
Beabadoobee,United Kingdom,2000
24kGoldn,United States,2000
Iann Dior,United States,1999
Pop Smoke,United States,1999
Black Eyed Peas,United States,
Rod Wave,United States,1995
Gwen Stefani,United States,1969
Jp Saxe,Canada,1993
42 Dugg,United States,1994
Old Dominion,United States,
Surfaces,United States,
Eminem,United States,1972
StaySolidRocky,United States,2001
Maddie & Tae,United States,
Mariah Carey,United States,1969
Carly Pearce,United States,1990
50 Cent,United States,1975
Benee,New Zealand,2000
Gus Dapperton,United States,1997
The Scotts,,
Kid Cudi,United States,1984
Atr Son Son,,
Miranda Lambert,United States,1983
Eric Church,United States,1977
Surf Mesa,United States,2000
Emilee,,
Moneybagg Yo,United States,1991
H.E.R.,United States,1997
Olivia Rodrigo,United States,2003
Silk Sonic,United States,
Anderson .Paak,United States,1986
Daniel Caesar,Canada,1995
Giveon,United States,1995
The Kid Laroi,United States,2003
Glass Animals,United Kingdom,
Masked Wolf,United States,1991
Walker Hayes,,1979
Jhay Cortez,,1993
6lack,United States,1992
Tate Mcrae,Canada,2003
Pooh Shiesty,United States,1999
SpotemGottem,United States,2001
Kali Uchis,United States,1994
CJ,United States,1997
Internet Money,United States,
Don Toliver,United States,1994
Nav,Canada,1989
AJR,United States,
Yung Bleu,United States,1994
Tems,Nigeria,1995
Ryan Hurd,United States,1986
Måneskin,Italy,
Chris Young,United States,1985
Nelly,United States,1974
Mooski,United States,
Coi Leray,United States,1997
Duncan Laurence,Netherlands,1994
Niko Moon,United States,1982
Project Pat,United States,1973
Parmalee,United States,
Brenda Lee,United States,1944
Ritt Momney,United States,1999
Cole Swindell,United States,1983
Lainey Wilson,United States,1992
Brs Kash,United States,1993
Rauw Alejandro,Puerto Rico,1993
Latto,United States,1998
Elton John,United Kingdom,1947
JID,United States,1990
Gayle,United States,2004
Chencho Corleone,Puerto Rico,1979
Kate Bush,United Kingdom,1958
Carolina Gaitán,Colombia,1984
Mauro Castillo,,
Adassa,United States,1987
Rhenzy Feliz,United States,
Diane Guerrero,United States,1986
Stephanie Beatriz,Argentina,1981
the,,
Encanto,,
cast,,
Steve Lacy,United States,1998
Nicky Youre,United States,1999
Dazy,,
Em Beihold,United States,1999
Cody Johnson,United States,1987
OneRepublic,United States,
Zach Bryan,United States,1996
Jordan Davis,United States,1988
Dove Cameron,United States,1996
Joji,,
Jessica Darrow,United States,1995
Bailey Zimmerman,United States,2000
CKay,Nigeria,1995
Muni Long,,1988
Becky G,,1997
Karol G,Colombia,1991
Tyler Hubbard,United States,1987
Neiked,Sweden,
Mae Muller,United Kingdom,1997
The Anxiety,,
Willow,United States,2000
Tyler Cole,,
Lauren Spencer-Smith,,2003
Bobby Helms,United States,1933
Bomba Estéreo,Colombia,
Burl Ives,United States,1909
Russell Dickerson,United States,1987
Jake Scott,,
Scotty Mccreery,United States,1993
Jon Pardi,United States,1985
Ernest,United States,1992
Jnr Choi,,1999
Sam Tompkins,,
Kim Petras,Germany,1992
Rema,Nigeria,2000
PinkPantheress,United Kingdom,2001
Ice Spice,United States,2000
Toosii,United States,2000
Katelyn Brown,United States,1993
Eslabon Armado,United States,
Peso Pluma,Mexico,1999
Jelly Roll,,1984
Yng Lvcas,Mexico,1999
Jvke,United States,2001
Fifty Fifty,South Korea,
Aqua,Denmark,
Raye,United Kingdom,1997
070 Shake,,
Grupo Frontera,United States,
Stephen Sanchez,,2002
Hardy,United States,1990
David Kushner,United States,2000
Shakira,Colombia,1977
Megan Moroney,United States,1997
GloRilla,United States,1999
Fuerza Regida,United States,
Kacey Musgraves,United States,1988
Doechii,United States,1998
Oliver Anthony Music,,1992
Noah Kahan,United States,1997
Jung Kook,South Korea,1997
Wham!,United Kingdom,
Parker Mccollum,United States,1992
Kaliii,United States,2000
Natanael Cano,Mexico,2001
Corey Kent,United States,1994
Young Nudy,United States,1992
Bizarrap,Argentina,1998
Teddy Swims,United States,1992
Shaboozey,United States,1995
Benson Boone,United States,2002
Sabrina Carpenter,United States,1999
Tommy Richman,United States,2000
Chappell Roan,United States,1998
Tyla,South Africa,2002
Dasha,United States,2000
Jessie Murph,United States,2004
¥$,,
Sexyy Red,United States,1998
Djo,United States,1992
Flo Milli,United States,2000
FloyyMenor,Chile,2005
Cris Mj,Chile,2001
Warren Zeiders,,
Artemas,United Kingdom,1999
Xavi,United States,2003
Myles Smith,United Kingdom,1998
Paul Russell,United States,1997
Summer Walker,United States,1996
4Batz,United States,2003
Koe Wetzel,United States,1992
Yeat,United States,2000
Nate Smith,United States,1985
Victoria Monét,United States,1989
Tucker Wetmore,United States,1999
