leto,mesto,naslov,izvajalec
2015,1, Uptown Funk ,Mark Ronson
2015,1, Uptown Funk ,Bruno Mars
2015,2, Thinking Out Loud ,Ed Sheeran
2015,3, See You Again ,Wiz Khalifa
2015,3, See You Again ,Charlie Puth
2015,4, Trap Queen ,Fetty Wap
2015,5, Sugar ,Maroon 5
2015,6, Shut Up and Dance ,Walk The Moon
2015,7, Blank Space ,Taylor Swift
2015,8, Watch Me ,Silentó
2015,9, Earned It ,The Weeknd
2015,10, The Hills ,The Weeknd
2015,11, Cheerleader ( Felix Jaehn Remix),OMI
2015,12, Can't Feel My Face ,The Weeknd
2015,13, Love Me Like You Do ,Ellie Goulding
2015,14, Take Me to Church ,Hozier
2015,15, Bad Blood ,Taylor Swift
2015,15, Bad Blood ,Kendrick Lamar
2015,16, Lean On ,Major Lazer
2015,16, Lean On ,Dj Snake
2015,16, Lean On ,MØ
2015,17, Want to Want Me ,Jason Derulo
2015,18, Shake It Off ,Taylor Swift
2015,19, Where Are Ü Now ,Skrillex
2015,19, Where Are Ü Now ,Diplo
2015,19, Where Are Ü Now ,Jack Ü
2015,19, Where Are Ü Now ,Justin Bieber
2015,20, Fight Song ,Rachel Platten
2015,21, 679 ,Fetty Wap
2015,21, 679 ,Remy Boyz
2015,22, Lips Are Movin ,Meghan Trainor
2015,23, Worth It ,Fifth Harmony
2015,23, Worth It ,Kid Ink
2015,24, Post to Be ,Omarion
2015,24, Post to Be ,Chris Brown
2015,24, Post to Be ,Jhené Aiko
2015,25," Honey, I'm Good. ",Andy Grammer
2015,26, I'm Not the Only One ,Sam Smith
2015,27, Good for You ,Selena Gomez
2015,27, Good for You ,Asap Rocky
2015,28, All About That Bass ,Meghan Trainor
2015,29, Style ,Taylor Swift
2015,30, Hotline Bling ,Drake
2015,31, Hey Mama ,David Guetta
2015,31, Hey Mama ,Nicki Minaj
2015,31, Hey Mama ,Bebe Rexha
2015,31, Hey Mama ,Afrojack
2015,32, G.D.F.R. ,Flo Rida
2015,32, G.D.F.R. ,Sage The Gemini
2015,32, G.D.F.R. ,Lookas
2015,33, What Do You Mean? ,Justin Bieber
2015,34, Photograph ,Ed Sheeran
2015,35, Hello ,Adele
2015,36, Stitches ,Shawn Mendes
2015,37, Talking Body ,Tove Lo
2015,38, Jealous ,Nick Jonas
2015,39, Time of Our Lives ,Pitbull
2015,39, Time of Our Lives ,Ne-Yo
2015,40, Locked Away ,R. City
2015,40, Locked Away ,Adam Levine
2015,41, Somebody ,Natalie La Rose
2015,41, Somebody ,Jeremih
2015,42, FourFiveSeconds ,Rihanna
2015,42, FourFiveSeconds ,Kanye West
2015,42, FourFiveSeconds ,Paul Mccartney
2015,43, Centuries ,Fall Out Boy
2015,44, My Way ,Fetty Wap
2015,44, My Way ,Monty
2015,45, Take Your Time ,Sam Hunt
2015,46, Animals ,Maroon 5
2015,47, I Don't Fuck with You ,Big Sean
2015,47, I Don't Fuck with You ,E-40
2015,48, Bitch Better Have My Money ,Rihanna
2015,49," Flex (Ooh, Ooh, Ooh) ",Rich Homie Quan
2015,50, Nasty Freestyle ,T-Wayne
2015,51, Only ,Nicki Minaj
2015,51, Only ,Drake
2015,51, Only ,Lil Wayne
2015,51, Only ,Chris Brown
2015,52, Elastic Heart ,Sia
2015,53, Cool for the Summer ,Demi Lovato
2015,54, Renegades ,X Ambassadors
2015,55, I Don't Mind ,Usher
2015,55, I Don't Mind ,Juicy J
2015,56, Love Me Harder ,Ariana Grande
2015,56, Love Me Harder ,The Weeknd
2015,57, Wildest Dreams ,Taylor Swift
2015,58, Stay with Me ,Sam Smith
2015,59, You Know You Like It ,Dj Snake
2015,59, You Know You Like It ,AlunaGeorge
2015,60, Uma Thurman ,Fall Out Boy
2015,61, 7/11 ,Beyoncé
2015,62, The Heart Wants What It Wants ,Selena Gomez
2015,63, Girl Crush ,Little Big Town
2015,64, Slow Motion ,Trey Songz
2015,65, Drag Me Down ,One Direction
2015,66, Truffle Butter ,Nicki Minaj
2015,66, Truffle Butter ,Drake
2015,66, Truffle Butter ,Lil Wayne
2015,67, One Last Time ,Ariana Grande
2015,68, Chains ,Nick Jonas
2015,69, All Eyes on You ,Meek Mill
2015,69, All Eyes on You ,Chris Brown
2015,69, All Eyes on You ,Nicki Minaj
2015,70, No Type ,Rae Sremmurd
2015,71, Riptide ,Vance Joy
2015,72, Classic Man ,Jidenna
2015,72, Classic Man ,Roman Gianarthur
2015,73, Ex's & Oh's ,Elle King
2015,74, Dear Future Husband ,Meghan Trainor
2015,75, Marvin Gaye ,Charlie Puth
2015,75, Marvin Gaye ,Meghan Trainor
2015,76, Like I'm Gonna Lose You ,Meghan Trainor
2015,76, Like I'm Gonna Lose You ,John Legend
2015,77, Habits (Stay High) ,Tove Lo
2015,78, The Hanging Tree ,James Newton Howard
2015,78, The Hanging Tree ,Jennifer Lawrence
2015,79, CoCo ,O.T. Genasis
2015,80, Bang Bang ,Jessie J
2015,80, Bang Bang ,Ariana Grande
2015,80, Bang Bang ,Nicki Minaj
2015,81, Lay Me Down ,Sam Smith
2015,82, Tuesday ,ILoveMakonnen
2015,82, Tuesday ,Drake
2015,83, Hit the Quan ,iLoveMemphis
2015,84, Downtown ,Macklemore & Ryan Lewis
2015,84, Downtown ,Eric Nally
2015,84, Downtown ,Melle Mel
2015,84, Downtown ,Kool Moe Dee
2015,84, Downtown ,Grandmaster Caz
2015,85, House Party ,Sam Hunt
2015,86, Ayo ,Chris Brown
2015,86, Ayo ,Tyga
2015,87, Kick the Dust Up ,Luke Bryan
2015,88, Blessings ,Big Sean
2015,88, Blessings ,Drake
2015,88, Blessings ,Kanye West
2015,89, Budapest ,George Ezra
2015,90, Chandelier ,Sia
2015,91, Heartbeat Song ,Kelly Clarkson
2015,92, Don't ,Ed Sheeran
2015,93, Ghost ,Ella Henderson
2015,94, Here ,Alessia Cara
2015,95, Waves ( Robin Schulz Remix),Mr Probz
2015,96, El Perdón ,Nicky Jam
2015,96, El Perdón ,Enrique Iglesias
2015,97, She Knows ,Ne-Yo
2015,97, She Knows ,Juicy J
2015,98, Night Changes ,One Direction
2015,99, Back to Back ,Drake
2015,100, How Deep Is Your Love ,Calvin Harris
2015,100, How Deep Is Your Love ,Disciples
2016,1, Love Yourself ,Justin Bieber
2016,2, Sorry ,Justin Bieber
2016,3, One Dance ,Drake
2016,3, One Dance ,Wizkid
2016,3, One Dance ,Kyla
2016,4, Work ,Rihanna
2016,4, Work ,Drake
2016,5, Stressed Out ,Twenty One Pilots
2016,6, Panda ,Desiigner
2016,7, Hello ,Adele
2016,8, Don't Let Me Down ,The Chainsmokers
2016,8, Don't Let Me Down ,Daya
2016,9, Can't Stop the Feeling! ,Justin Timberlake
2016,10, Closer ,The Chainsmokers
2016,10, Closer ,Halsey
2016,11, Cheap Thrills ,Sia
2016,11, Cheap Thrills ,Sean Paul
2016,12, 7 Years ,Lukas Graham
2016,13, Needed Me ,Rihanna
2016,14, My House ,Flo Rida
2016,15, I Took a Pill in Ibiza ,Mike Posner
2016,16, Work from Home ,Fifth Harmony
2016,16, Work from Home ,Ty Dolla Sign
2016,17, This Is What You Came For ,Calvin Harris
2016,17, This Is What You Came For ,Rihanna
2016,18, Cake by the Ocean ,DNCE
2016,19," Me, Myself & I ",G-Eazy
2016,19," Me, Myself & I ",Bebe Rexha
2016,20, Ride ,Twenty One Pilots
2016,21, Heathens ,Twenty One Pilots
2016,22, Pillowtalk ,Zayn
2016,23, Stitches ,Shawn Mendes
2016,24, Hotline Bling ,Drake
2016,25, Cold Water ,Major Lazer
2016,25, Cold Water ,Justin Bieber
2016,25, Cold Water ,MØ
2016,26, Send My Love (To Your New Lover) ,Adele
2016,27, Roses ,The Chainsmokers
2016,27, Roses ,Rozes
2016,28, Treat You Better ,Shawn Mendes
2016,29, Too Good ,Drake
2016,29, Too Good ,Rihanna
2016,30, Low Life ,Future
2016,30, Low Life ,The Weeknd
2016,31, What Do You Mean? ,Justin Bieber
2016,32, The Hills ,The Weeknd
2016,33, Just Like Fire ,Pink
2016,34, Broccoli ,DRAM
2016,34, Broccoli ,Lil Yachty
2016,35, Don't ,Bryson Tiller
2016,36, Dangerous Woman ,Ariana Grande
2016,37, Jumpman ,Drake
2016,37, Jumpman ,Future
2016,38," I Hate U, I Love U ",Gnash
2016,38," I Hate U, I Love U ",Olivia O'Brien
2016,39, Here ,Alessia Cara
2016,40, Same Old Love ,Selena Gomez
2016,41, Controlla ,Drake
2016,42, Like I'm Gonna Lose You ,Meghan Trainor
2016,42, Like I'm Gonna Lose You ,John Legend
2016,43, One Call Away ,Charlie Puth
2016,44, Let It Go ,James Bay
2016,45, No ,Meghan Trainor
2016,46, Never Forget You ,Zara Larsson
2016,46, Never Forget You ,MNEK
2016,47, Let Me Love You ,Dj Snake
2016,47, Let Me Love You ,Justin Bieber
2016,48, Don't Mind ,Kent Jones
2016,49, H.O.L.Y. ,Florida Georgia Line
2016,50, We Don't Talk Anymore ,Charlie Puth
2016,50, We Don't Talk Anymore ,Selena Gomez
2016,51, Into You ,Ariana Grande
2016,52, Gold ,Kiiara
2016,53, Exchange ,Bryson Tiller
2016,54, 679 ,Fetty Wap
2016,54, 679 ,Remy Boyz
2016,55, Oui ,Jeremih
2016,56, Hands to Myself ,Selena Gomez
2016,57, 2 Phones ,Kevin Gates
2016,58, Starboy ,The Weeknd
2016,58, Starboy ,Daft Punk
2016,59, For Free ,Dj Khaled
2016,59, For Free ,Drake
2016,60, Never Be Like You ,Flume
2016,60, Never Be Like You ,Kai
2016,61, In the Night ,The Weeknd
2016,62, Me Too ,Meghan Trainor
2016,63, Ex's & Oh's ,Elle King
2016,64, Die a Happy Man ,Thomas Rhett
2016,65, White Iverson ,Post Malone
2016,66, Close ,Nick Jonas
2016,66, Close ,Tove Lo
2016,67, Unsteady ,X Ambassadors
2016,68, Sucker for Pain ,Lil Wayne
2016,68, Sucker for Pain ,Wiz Khalifa
2016,68, Sucker for Pain ,Imagine Dragons
2016,68, Sucker for Pain ,Logic
2016,68, Sucker for Pain ,Ty Dolla Sign
2016,68, Sucker for Pain ,X Ambassadors
2016,69, Down in the DM ,Yo Gotti
2016,69, Down in the DM ,Nicki Minaj
2016,70, Luv ,Tory Lanez
2016,71, Sorry ,Beyoncé
2016,72, Can't Feel My Face ,The Weeknd
2016,73, Hymn for the Weekend ,Coldplay
2016,74, Say It ,Tory Lanez
2016,75, Antidote ,Travis Scott
2016,76, Lost Boy ,Ruth B
2016,77, Side to Side ,Ariana Grande
2016,77, Side to Side ,Nicki Minaj
2016,78," Sit Still, Look Pretty ",Daya
2016,79, Wildest Dreams ,Taylor Swift
2016,80, Middle ,Dj Snake
2016,80, Middle ,Bipolar Sunshine
2016,81, On My Mind ,Ellie Goulding
2016,82, Pop Style ,Drake
2016,82, Pop Style ,Jay-Z
2016,82, Pop Style ,Kanye West
2016,83, When We Were Young ,Adele
2016,84, Hide Away ,Daya
2016,85, Lean On ,Major Lazer
2016,85, Lean On ,Dj Snake
2016,85, Lean On ,MØ
2016,86, I Know What You Did Last Summer ,Shawn Mendes
2016,86, I Know What You Did Last Summer ,Camila Cabello
2016,87, All the Way Up ,Fat Joe
2016,87, All the Way Up ,Remy Ma
2016,87, All the Way Up ,French Montana
2016,87, All the Way Up ,Infared
2016,88, Watch Me ,Silentó
2016,89, Back to Sleep ,Chris Brown
2016,90, No Limit ,Usher
2016,90, No Limit ,Young Thug
2016,91, Cut It ,O.T. Genasis
2016,91, Cut It ,Young Dolph
2016,92, Really Really ,Kevin Gates
2016,93, All In My Head (Flex) ,Fifth Harmony
2016,93, All In My Head (Flex) ,Fetty Wap
2016,94, Starving ,Hailee Steinfeld
2016,94, Starving ,Grey
2016,94, Starving ,Zedd
2016,95, Adventure of a Lifetime ,Coldplay
2016,96, Humble and Kind ,Tim Mcgraw
2016,97, Wicked ,Future
2016,98, Tiimmy Turner ,Desiigner
2016,99, See You Again ,Wiz Khalifa
2016,99, See You Again ,Charlie Puth
2016,100, Perfect ,One Direction
2017,1, Shape of You ,Ed Sheeran
2017,2, Despacito (Remix) ,Luis Fonsi
2017,2, Despacito (Remix) ,Daddy Yankee
2017,2, Despacito (Remix) ,Justin Bieber
2017,3, That's What I Like ,Bruno Mars
2017,4, Humble ,Kendrick Lamar
2017,5, Something Just Like This ,The Chainsmokers
2017,5, Something Just Like This ,Coldplay
2017,6, Bad and Boujee ,Migos
2017,6, Bad and Boujee ,Lil Uzi Vert
2017,7, Closer ,The Chainsmokers
2017,7, Closer ,Halsey
2017,8, Body Like a Back Road ,Sam Hunt
2017,9, Believer ,Imagine Dragons
2017,10, Congratulations ,Post Malone
2017,10, Congratulations ,Quavo
2017,11, Say You Won't Let Go ,James Arthur
2017,12, I'm the One ,Dj Khaled
2017,12, I'm the One ,Justin Bieber
2017,12, I'm the One ,Quavo
2017,12, I'm the One ,Chance The Rapper
2017,12, I'm the One ,Lil Wayne
2017,13, XO Tour Llif3 ,Lil Uzi Vert
2017,14, Mask Off ,Future
2017,15, Unforgettable ,French Montana
2017,15, Unforgettable ,Swae Lee
2017,16, 24K Magic ,Bruno Mars
2017,17, Stay ,Zedd
2017,17, Stay ,Alessia Cara
2017,18, Wild Thoughts ,Dj Khaled
2017,18, Wild Thoughts ,Rihanna
2017,18, Wild Thoughts ,Bryson Tiller
2017,19, Black Beatles ,Rae Sremmurd
2017,19, Black Beatles ,Gucci Mane
2017,20, Starboy ,The Weeknd
2017,20, Starboy ,Daft Punk
2017,21, Location ,Khalid
2017,22, Attention ,Charlie Puth
2017,23, There's Nothing Holdin' Me Back ,Shawn Mendes
2017,24, Bodak Yellow ,Cardi B
2017,25, Redbone ,Childish Gambino
2017,26, I Don't Wanna Live Forever ,Zayn
2017,26, I Don't Wanna Live Forever ,Taylor Swift
2017,27, It Ain't Me ,Kygo
2017,27, It Ain't Me ,Selena Gomez
2017,28, iSpy ,Kyle
2017,28, iSpy ,Lil Yachty
2017,29, Issues ,Julia Michaels
2017,30, Scars to Your Beautiful ,Alessia Cara
2017,31, 1-800-273-8255 ,Logic
2017,31, 1-800-273-8255 ,Alessia Cara
2017,31, 1-800-273-8255 ,Khalid
2017,32, Slow Hands ,Niall Horan
2017,33, Love on the Brain ,Rihanna
2017,34, I Feel It Coming ,The Weeknd
2017,34, I Feel It Coming ,Daft Punk
2017,35, Bounce Back ,Big Sean
2017,36, Strip That Down ,Liam Payne
2017,36, Strip That Down ,Quavo
2017,37, Fake Love ,Drake
2017,38, Don't Wanna Know ,Maroon 5
2017,38, Don't Wanna Know ,Kendrick Lamar
2017,39, Look What You Made Me Do ,Taylor Swift
2017,40, Castle on the Hill ,Ed Sheeran
2017,41, Bad Things ,Machine Gun Kelly
2017,41, Bad Things ,Camila Cabello
2017,42, Paris ,The Chainsmokers
2017,43, Side to Side ,Ariana Grande
2017,43, Side to Side ,Nicki Minaj
2017,44, Rockabye ,Clean Bandit
2017,44, Rockabye ,Sean Paul
2017,44, Rockabye ,Anne-Marie
2017,45, Feel It Still ,Portugal. The Man
2017,46, Let Me Love You ,Dj Snake
2017,46, Let Me Love You ,Justin Bieber
2017,47, Sorry Not Sorry ,Demi Lovato
2017,48, Bank Account ,21 Savage
2017,49, Can't Stop the Feeling! ,Justin Timberlake
2017,50, Mi Gente ,J Balvin
2017,50, Mi Gente ,Willy William
2017,50, Mi Gente ,Beyoncé
2017,51, Thunder ,Imagine Dragons
2017,52, T-shirt ,Migos
2017,53, Rake It Up ,Yo Gotti
2017,53, Rake It Up ,Nicki Minaj
2017,54, Mercy ,Shawn Mendes
2017,55, Tunnel Vision ,Kodak Black
2017,56, Rockstar ,Post Malone
2017,56, Rockstar ,21 Savage
2017,57, In Case You Didn't Know ,Brett Young
2017,58, Heathens ,Twenty One Pilots
2017,59, Now or Never ,Halsey
2017,60, Caroline ,Aminé
2017,61, Rolex ,Ayo & Teo
2017,62, DNA ,Kendrick Lamar
2017,63, Juju on That Beat (TZ Anthem) ,Zay Hilfigerrr & Zayion Mccall
2017,64, Swang ,Rae Sremmurd
2017,65, Passionfruit ,Drake
2017,66, Loyalty ,Kendrick Lamar
2017,66, Loyalty ,Rihanna
2017,67, Praying ,Kesha
2017,68, Goosebumps ,Travis Scott
2017,69, Cold ,Maroon 5
2017,69, Cold ,Future
2017,70, Broccoli ,DRAM
2017,70, Broccoli ,Lil Yachty
2017,71, Slide ,Calvin Harris
2017,71, Slide ,Frank Ocean
2017,71, Slide ,Migos
2017,72, What Ifs ,Kane Brown
2017,72, What Ifs ,Lauren Alaina
2017,73, Chained to the Rhythm ,Katy Perry
2017,73, Chained to the Rhythm ,Skip Marley
2017,74, Feels ,Calvin Harris
2017,74, Feels ,Pharrell Williams
2017,74, Feels ,Katy Perry
2017,74, Feels ,Big Sean
2017,75, All Time Low ,Jon Bellion
2017,76, Hurricane ,Luke Combs
2017,77, Too Good at Goodbyes ,Sam Smith
2017,78, Young Dumb & Broke ,Khalid
2017,79, Magnolia ,Playboi Carti
2017,80, Love Galore ,SZA
2017,80, Love Galore ,Travis Scott
2017,81, Drowning ,A Boogie Wit Da Hoodie
2017,81, Drowning ,Kodak Black
2017,82, Starving ,Hailee Steinfeld
2017,82, Starving ,Grey
2017,82, Starving ,Zedd
2017,83, Both ,Gucci Mane
2017,83, Both ,Drake
2017,84, What About Us ,Pink
2017,85, Swalla ,Jason Derulo
2017,85, Swalla ,Nicki Minaj
2017,85, Swalla ,Ty Dolla Sign
2017,86, Slippery ,Migos
2017,86, Slippery ,Gucci Mane
2017,87, Sign of the Times ,Harry Styles
2017,88, Water Under the Bridge ,Adele
2017,89, Malibu ,Miley Cyrus
2017,90, Down ,Marian Hill
2017,91, No Promises ,Cheat Codes
2017,91, No Promises ,Demi Lovato
2017,92, Treat You Better ,Shawn Mendes
2017,93, I Get the Bag ,Gucci Mane
2017,93, I Get the Bag ,Migos
2017,94, Small Town Boy ,Dustin Lynch
2017,95, Everyday We Lit ,Yfn Lucci
2017,95, Everyday We Lit ,Pnb Rock
2017,96, Havana ,Camila Cabello
2017,96, Havana ,Young Thug
2017,97, What Lovers Do ,Maroon 5
2017,97, What Lovers Do ,SZA
2017,98, Do Re Mi ,Blackbear
2017,99, Look at Me! ,XXXTentacion
2017,100, The Fighter ,Keith Urban
2017,100, The Fighter ,Carrie Underwood
2018,1, God's Plan ,Drake
2018,2, Perfect ,Ed Sheeran
2018,3, Meant to Be ,Bebe Rexha
2018,3, Meant to Be ,Florida Georgia Line
2018,4, Havana ,Camila Cabello
2018,4, Havana ,Young Thug
2018,5, Rockstar ,Post Malone
2018,5, Rockstar ,21 Savage
2018,6, Psycho ,Post Malone
2018,6, Psycho ,Ty Dolla Sign
2018,7, I Like It ,Cardi B
2018,7, I Like It ,Bad Bunny
2018,7, I Like It ,J Balvin
2018,8, The Middle ,Zedd
2018,8, The Middle ,Maren Morris
2018,8, The Middle ,Grey
2018,9, In My Feelings ,Drake
2018,10, Girls Like You ,Maroon 5
2018,10, Girls Like You ,Cardi B
2018,11, Nice for What ,Drake
2018,12, Lucid Dreams ,Juice Wrld
2018,13, Better Now ,Post Malone
2018,14, Finesse ,Bruno Mars
2018,14, Finesse ,Cardi B
2018,15, Boo'd Up ,Ella Mai
2018,16, New Rules ,Dua Lipa
2018,17, Sad! ,XXXTentacion
2018,18, Never Be the Same ,Camila Cabello
2018,19, Love Lies ,Khalid
2018,19, Love Lies ,Normani
2018,20, No Tears Left to Cry ,Ariana Grande
2018,21, Mine ,Bazzi
2018,22, Thunder ,Imagine Dragons
2018,23, Look Alive ,Blocboy Jb
2018,23, Look Alive ,Drake
2018,24, Delicate ,Taylor Swift
2018,25, Yes Indeed ,Lil Baby
2018,25, Yes Indeed ,Drake
2018,26, Friends ,Marshmello
2018,26, Friends ,Anne-Marie
2018,27, Bad at Love ,Halsey
2018,28, Taste ,Tyga
2018,28, Taste ,Offset
2018,29, Let You Down ,NF
2018,30, No Limit ,G-Eazy
2018,30, No Limit ,Asap Rocky
2018,30, No Limit ,Cardi B
2018,31, Fefe ,6ix9ine
2018,31, Fefe ,Nicki Minaj
2018,31, Fefe ,Murda Beatz
2018,32, Tequila ,Dan + Shay
2018,33, Feel It Still ,Portugal. The Man
2018,34, MotorSport ,Migos
2018,34, MotorSport ,Nicki Minaj
2018,34, MotorSport ,Cardi B
2018,35, I Like Me Better ,Lauv
2018,36, Youngblood ,5 Seconds Of Summer
2018,37, Whatever It Takes ,Imagine Dragons
2018,38, Ric Flair Drip ,Offset
2018,38, Ric Flair Drip ,Metro Boomin
2018,39, I Fall Apart ,Post Malone
2018,40, Pray for Me ,The Weeknd
2018,40, Pray for Me ,Kendrick Lamar
2018,41, Back to You ,Selena Gomez
2018,42, Sicko Mode ,Travis Scott
2018,43, Walk It Talk It ,Migos
2018,43, Walk It Talk It ,Drake
2018,44, Gucci Gang ,Lil Pump
2018,45, Him & I ,G-Eazy
2018,45, Him & I ,Halsey
2018,46, In My Blood ,Shawn Mendes
2018,47, All the Stars ,Kendrick Lamar
2018,47, All the Stars ,SZA
2018,48, Stir Fry ,Migos
2018,49, Too Good at Goodbyes ,Sam Smith
2018,50, Love ,Kendrick Lamar
2018,50, Love ,Zacari
2018,51, This Is America ,Childish Gambino
2018,52, Nonstop ,Drake
2018,53, Heaven ,Kane Brown
2018,54, Bodak Yellow ,Cardi B
2018,55, Freaky Friday ,Lil Dicky
2018,55, Freaky Friday ,Chris Brown
2018,56, Gummo ,6ix9ine
2018,57, Plug Walk ,Rich The Kid
2018,58, Wait ,Maroon 5
2018,59, Be Careful ,Cardi B
2018,60, Wolves ,Selena Gomez
2018,60, Wolves ,Marshmello
2018,61, Bartier Cardi ,Cardi B
2018,61, Bartier Cardi ,21 Savage
2018,62, God Is a Woman ,Ariana Grande
2018,63, Big Bank ,YG
2018,63, Big Bank ,2 Chainz
2018,63, Big Bank ,Nicki Minaj
2018,63, Big Bank ,Big Sean
2018,64, Sorry Not Sorry ,Demi Lovato
2018,65, How Long ,Charlie Puth
2018,66, Lights Down Low ,Max
2018,66, Lights Down Low ,Gnash
2018,67, Young Dumb & Broke ,Khalid
2018,68, One Kiss ,Calvin Harris
2018,68, One Kiss ,Dua Lipa
2018,69, Natural ,Imagine Dragons
2018,70, You Make It Easy ,Jason Aldean
2018,71, Shape of You ,Ed Sheeran
2018,72, I Get the Bag ,Gucci Mane
2018,72, I Get the Bag ,Migos
2018,73, No Brainer ,Dj Khaled
2018,73, No Brainer ,Justin Bieber
2018,73, No Brainer ,Chance The Rapper
2018,73, No Brainer ,Quavo
2018,74, Plain Jane ,Asap Ferg
2018,74, Plain Jane ,Nicki Minaj
2018,75, Sky Walker ,Miguel
2018,75, Sky Walker ,Travis Scott
2018,76, Marry Me ,Thomas Rhett
2018,77, Eastside ,Benny Blanco
2018,77, Eastside ,Halsey
2018,77, Eastside ,Khalid
2018,78, Call Out My Name ,The Weeknd
2018,79, King's Dead ,Jay Rock
2018,79, King's Dead ,Kendrick Lamar
2018,79, King's Dead ,Future
2018,79, King's Dead ,James Blake
2018,80, Happier ,Marshmello
2018,80, Happier ,Bastille
2018,81, Te Boté ,Nio García
2018,81, Te Boté ,Darell
2018,81, Te Boté ,Casper Mágico
2018,81, Te Boté ,Bad Bunny
2018,81, Te Boté ,Nicky Jam
2018,81, Te Boté ,Ozuna
2018,82, Simple ,Florida Georgia Line
2018,83, Lemon ,N.E.R.D
2018,83, Lemon ,Rihanna
2018,84, 1-800-273-8255 ,Logic
2018,84, 1-800-273-8255 ,Alessia Cara
2018,84, 1-800-273-8255 ,Khalid
2018,85, Say Something ,Justin Timberlake
2018,85, Say Something ,Chris Stapleton
2018,86, I'm Upset ,Drake
2018,87, Get Along ,Kenny Chesney
2018,88, Moonlight ,XXXTentacion
2018,89, What Lovers Do ,Maroon 5
2018,89, What Lovers Do ,SZA
2018,90, X ,Nicky Jam
2018,90, X ,J Balvin
2018,91, Outside Today ,Youngboy Never Broke Again
2018,92, Trip ,Ella Mai
2018,93, Dura ,Daddy Yankee
2018,94, Changes ,XXXTentacion
2018,95, Mercy ,Brett Young
2018,96, One Number Away ,Luke Combs
2018,97, Powerglide ,Rae Sremmurd
2018,97, Powerglide ,Juicy J
2018,98, IDGAF ,Dua Lipa
2018,99, Mi Gente ,J Balvin
2018,99, Mi Gente ,Willy William
2018,99, Mi Gente ,Beyoncé
2018,100, Believer ,Imagine Dragons
2019,1, Old Town Road ,Lil Nas X
2019,1, Old Town Road ,Billy Ray Cyrus
2019,2, Sunflower ,Post Malone
2019,2, Sunflower ,Swae Lee
2019,3, Without Me ,Halsey
2019,4, Bad Guy ,Billie Eilish
2019,5, Wow ,Post Malone
2019,6, Happier ,Marshmello
2019,6, Happier ,Bastille
2019,7, 7 Rings ,Ariana Grande
2019,8, Talk ,Khalid
2019,9, Sicko Mode ,Travis Scott
2019,10, Sucker ,Jonas Brothers
2019,11, High Hopes ,Panic! At The Disco
2019,12," Thank U, Next ",Ariana Grande
2019,13, Truth Hurts ,Lizzo
2019,14, Dancing with a Stranger ,Sam Smith
2019,14, Dancing with a Stranger ,Normani
2019,15, Señorita ,Shawn Mendes
2019,15, Señorita ,Camila Cabello
2019,16, I Don't Care ,Ed Sheeran
2019,16, I Don't Care ,Justin Bieber
2019,17, Eastside ,Benny Blanco
2019,17, Eastside ,Halsey
2019,17, Eastside ,Khalid
2019,18, Going Bad ,Meek Mill
2019,18, Going Bad ,Drake
2019,19, Shallow ,Lady Gaga
2019,19, Shallow ,Bradley Cooper
2019,20, Better ,Khalid
2019,21, No Guidance ,Chris Brown
2019,21, No Guidance ,Drake
2019,22, Girls Like You ,Maroon 5
2019,22, Girls Like You ,Cardi B
2019,23, Sweet but Psycho ,Ava Max
2019,24, Suge ,DaBaby
2019,25, Middle Child ,J. Cole
2019,26, Drip Too Hard ,Lil Baby
2019,26, Drip Too Hard ,Gunna
2019,27, Someone You Loved ,Lewis Capaldi
2019,28, Ransom ,Lil Tecca
2019,29, If I Can't Have You ,Shawn Mendes
2019,30, Goodbyes ,Post Malone
2019,30, Goodbyes ,Young Thug
2019,31, Zeze ,Kodak Black
2019,31, Zeze ,Travis Scott
2019,31, Zeze ,Offset
2019,32, Better Now ,Post Malone
2019,33, Youngblood ,5 Seconds Of Summer
2019,34, Money in the Grave ,Drake
2019,34, Money in the Grave ,Rick Ross
2019,35, Speechless ,Dan + Shay
2019,36," Break Up with Your Girlfriend, I'm Bored ",Ariana Grande
2019,37, Please Me ,Cardi B
2019,37, Please Me ,Bruno Mars
2019,38, Money ,Cardi B
2019,39, You Need to Calm Down ,Taylor Swift
2019,40, Panini ,Lil Nas X
2019,41, Look Back at It ,A Boogie Wit Da Hoodie
2019,42, A Lot ,21 Savage
2019,43, Me! ,Taylor Swift
2019,43, Me! ,Brendon Urie
2019,44, Mia ,Bad Bunny
2019,44, Mia ,Drake
2019,45, Pop Out ,Polo G
2019,45, Pop Out ,Lil Tjay
2019,46, Beautiful Crazy ,Luke Combs
2019,47, Thotiana ,Blueface
2019,48, Lucid Dreams ,Juice Wrld
2019,49, Mo Bamba ,Sheck Wes
2019,50, Beautiful People ,Ed Sheeran
2019,50, Beautiful People ,Khalid
2019,51, Wake Up in the Sky ,Gucci Mane
2019,51, Wake Up in the Sky ,Bruno Mars
2019,51, Wake Up in the Sky ,Kodak Black
2019,52, Whiskey Glasses ,Morgan Wallen
2019,53, God's Country ,Blake Shelton
2019,54, Be Alright ,Dean Lewis
2019,55, Pure Water ,Mustard
2019,55, Pure Water ,Migos
2019,56, The Git Up ,Blanco Brown
2019,57, Taki Taki ,Dj Snake
2019,57, Taki Taki ,Selena Gomez
2019,57, Taki Taki ,Ozuna
2019,57, Taki Taki ,Cardi B
2019,58, Close to Me ,Ellie Goulding
2019,58, Close to Me ,Diplo
2019,58, Close to Me ,Swae Lee
2019,59, Envy Me ,Calboy
2019,60, You Say ,Lauren Daigle
2019,61," Hey Look Ma, I Made It ",Panic! At The Disco
2019,62, Circles ,Post Malone
2019,63, Beer Never Broke My Heart ,Luke Combs
2019,64, The London ,Young Thug
2019,64, The London ,J. Cole
2019,64, The London ,Travis Scott
2019,65, Con Calma ,Daddy Yankee
2019,65, Con Calma ,Katy Perry
2019,65, Con Calma ,Snow
2019,66, Murder on My Mind ,Ynw Melly
2019,67, When the Party's Over ,Billie Eilish
2019,68, Act Up ,City Girls
2019,69, I Like It ,Cardi B
2019,69, I Like It ,Bad Bunny
2019,69, I Like It ,J Balvin
2019,70, Trampoline ,Shaed
2019,71, Leave Me Alone ,Flipp Dinero
2019,72, Breathin ,Ariana Grande
2019,73, Bury a Friend ,Billie Eilish
2019,74, Close Friends ,Lil Baby
2019,75, Baby Shark ,Pinkfong
2019,76, My Type ,Saweetie
2019,77, Worth It ,Yk Osiris
2019,78, Only Human ,Jonas Brothers
2019,79, Knockin' Boots ,Luke Bryan
2019,80, Trip ,Ella Mai
2019,81, Rumor ,Lee Brice
2019,82, Swervin ,A Boogie Wit Da Hoodie
2019,82, Swervin ,6ix9ine
2019,83, How Do You Sleep? ,Sam Smith
2019,84, Baby ,Lil Baby
2019,84, Baby ,DaBaby
2019,85, Look What God Gave Her ,Thomas Rhett
2019,86, Good as You ,Kane Brown
2019,87, Clout ,Offset
2019,87, Clout ,Cardi B
2019,88, Love Lies ,Khalid
2019,88, Love Lies ,Normani
2019,89, One Thing Right ,Marshmello
2019,89, One Thing Right ,Kane Brown
2019,90, Cash Shit ,Megan Thee Stallion
2019,90, Cash Shit ,DaBaby
2019,91, Tequila ,Dan + Shay
2019,92, Shotta Flow ,Nle Choppa
2019,93, Hot Girl Summer ,Megan Thee Stallion
2019,93, Hot Girl Summer ,Nicki Minaj
2019,93, Hot Girl Summer ,Ty Dolla Sign
2019,94, Talk You Out of It ,Florida Georgia Line
2019,95, Beautiful ,Bazzi
2019,95, Beautiful ,Camila Cabello
2019,96, Eyes on You ,Chase Rice
2019,97, All to Myself ,Dan + Shay
2019,98, Boyfriend ,Ariana Grande
2019,98, Boyfriend ,Social House
2019,99, Walk Me Home ,Pink
2019,100, Robbery ,Juice Wrld
2020,1, Blinding Lights ,The Weeknd
2020,2, Circles ,Post Malone
2020,3, The Box ,Roddy Ricch
2020,4, Don't Start Now ,Dua Lipa
2020,5, Rockstar ,DaBaby
2020,5, Rockstar ,Roddy Ricch
2020,6, Adore You ,Harry Styles
2020,7, Life Is Good ,Future
2020,7, Life Is Good ,Drake
2020,8, Memories ,Maroon 5
2020,9, The Bones ,Maren Morris
2020,10, Someone You Loved ,Lewis Capaldi
2020,11, Say So ,Doja Cat
2020,12, I Hope ,Gabby Barrett
2020,12, I Hope ,Charlie Puth
2020,13, Whats Poppin ,Jack Harlow
2020,13, Whats Poppin ,DaBaby
2020,13, Whats Poppin ,Tory Lanez
2020,13, Whats Poppin ,Lil Wayne
2020,14, Dance Monkey ,Tones And I
2020,15, Savage ,Megan Thee Stallion
2020,15, Savage ,Beyoncé
2020,16, Roxanne ,Arizona Zervas
2020,17, Intentions ,Justin Bieber
2020,17, Intentions ,Quavo
2020,18, Everything I Wanted ,Billie Eilish
2020,19, Roses (Imanbek remix) ,Saint Jhn
2020,20, Watermelon Sugar ,Harry Styles
2020,21, Before You Go ,Lewis Capaldi
2020,22, Falling ,Trevor Daniel
2020,23," 10,000 Hours ",Dan + Shay
2020,23," 10,000 Hours ",Justin Bieber
2020,24, WAP ,Cardi B
2020,24, WAP ,Megan Thee Stallion
2020,25, Ballin' ,Mustard
2020,25, Ballin' ,Roddy Ricch
2020,26, Hot Girl Bummer ,Blackbear
2020,27, Blueberry Faygo ,Lil Mosey
2020,28, Heartless ,The Weeknd
2020,29, Bop ,DaBaby
2020,30, Lose You to Love Me ,Selena Gomez
2020,31, Good as Hell ,Lizzo
2020,32, Toosie Slide ,Drake
2020,33, Break My Heart ,Dua Lipa
2020,34, Chasin' You ,Morgan Wallen
2020,35, Savage Love (Laxed – Siren Beat) ,Jawsh 685
2020,35, Savage Love (Laxed – Siren Beat) ,Jason Derulo
2020,36, No Guidance ,Chris Brown
2020,36, No Guidance ,Drake
2020,37, My Oh My ,Camila Cabello
2020,37, My Oh My ,DaBaby
2020,38, Dynamite ,BTS
2020,39, Go Crazy ,Chris Brown
2020,39, Go Crazy ,Young Thug
2020,40, High Fashion ,Roddy Ricch
2020,40, High Fashion ,Mustard
2020,41, Laugh Now Cry Later ,Drake
2020,41, Laugh Now Cry Later ,Lil Durk
2020,42, Woah ,Lil Baby
2020,43, Death Bed ,Powfu
2020,43, Death Bed ,Beabadoobee
2020,44, Señorita ,Shawn Mendes
2020,44, Señorita ,Camila Cabello
2020,45, Highest in the Room ,Travis Scott
2020,46, Bad Guy ,Billie Eilish
2020,47, Mood ,24kGoldn
2020,47, Mood ,Iann Dior
2020,48, Rain on Me ,Lady Gaga
2020,48, Rain on Me ,Ariana Grande
2020,49, For the Night ,Pop Smoke
2020,49, For the Night ,Lil Baby
2020,49, For the Night ,DaBaby
2020,50, Ritmo (Bad Boys for Life) ,Black Eyed Peas
2020,50, Ritmo (Bad Boys for Life) ,J Balvin
2020,51, Heart on Ice ,Rod Wave
2020,52, Nobody but You ,Blake Shelton
2020,52, Nobody but You ,Gwen Stefani
2020,53, Trampoline ,Shaed
2020,54, Come & Go ,Juice Wrld
2020,54, Come & Go ,Marshmello
2020,55, Truth Hurts ,Lizzo
2020,56, If the World Was Ending ,Jp Saxe
2020,56, If the World Was Ending ,Julia Michaels
2020,57, We Paid ,Lil Baby
2020,57, We Paid ,42 Dugg
2020,58, Yummy ,Justin Bieber
2020,59, One Man Band ,Old Dominion
2020,60, Got What I Got ,Jason Aldean
2020,61, Sunday Best ,Surfaces
2020,62, Godzilla ,Eminem
2020,62, Godzilla ,Juice Wrld
2020,63, Bandit ,Juice Wrld
2020,63, Bandit ,Youngboy Never Broke Again
2020,64, Party Girl ,StaySolidRocky
2020,65, Die from a Broken Heart ,Maddie & Tae
2020,66, Popstar ,Dj Khaled
2020,66, Popstar ,Drake
2020,67, All I Want for Christmas Is You ,Mariah Carey
2020,68, One of Them Girls ,Lee Brice
2020,69, Hard to Forget ,Sam Hunt
2020,70, One Margarita ,Luke Bryan
2020,71, Panini ,Lil Nas X
2020,72, Hot ,Young Thug
2020,72, Hot ,Gunna
2020,73, I Hope You're Happy Now ,Carly Pearce
2020,73, I Hope You're Happy Now ,Lee Brice
2020,74, Emotionally Scarred ,Lil Baby
2020,75, Suicidal ,Ynw Melly
2020,75, Suicidal ,Juice Wrld
2020,76, The Bigger Picture ,Lil Baby
2020,77, Only Human ,Jonas Brothers
2020,78, The Woo ,Pop Smoke
2020,78, The Woo ,50 Cent
2020,78, The Woo ,Roddy Ricch
2020,79, Sum 2 Prove ,Lil Baby
2020,80, Stuck with U ,Ariana Grande
2020,80, Stuck with U ,Justin Bieber
2020,81, Mood Swings ,Pop Smoke
2020,81, Mood Swings ,Lil Tjay
2020,82, You Should Be Sad ,Halsey
2020,83, Dior ,Pop Smoke
2020,84, Supalonely ,Benee
2020,84, Supalonely ,Gus Dapperton
2020,85, Even Though I'm Leaving ,Luke Combs
2020,86, The Scotts ,The Scotts
2020,86, The Scotts ,Travis Scott
2020,86, The Scotts ,Kid Cudi
2020,87, Juicy ,Doja Cat
2020,87, Juicy ,Tyga
2020,88, Be Like That ,Kane Brown
2020,88, Be Like That ,Swae Lee
2020,88, Be Like That ,Khalid
2020,89, Homesick ,Kane Brown
2020,90, Rags2Riches ,Rod Wave
2020,90, Rags2Riches ,Atr Son Son
2020,91, Bluebird ,Miranda Lambert
2020,92, Wishing Well ,Juice Wrld
2020,93, Does to Me ,Luke Combs
2020,93, Does to Me ,Eric Church
2020,94, Pussy Fairy (OTW) ,Jhené Aiko
2020,95, ILY (I Love You Baby) ,Surf Mesa
2020,95, ILY (I Love You Baby) ,Emilee
2020,96, More Than My Hometown ,Morgan Wallen
2020,97, Lovin' on You ,Luke Combs
2020,98, Said Sum ,Moneybagg Yo
2020,99, Slide ,H.E.R.
2020,99, Slide ,YG
2020,100, Walk Em Down ,Nle Choppa
2020,100, Walk Em Down ,Roddy Ricch
2021,1, Levitating ,Dua Lipa
2021,2, Save Your Tears ,The Weeknd
2021,2, Save Your Tears ,Ariana Grande
2021,3, Blinding Lights ,The Weeknd
2021,4, Mood ,24kGoldn
2021,4, Mood ,Iann Dior
2021,5, Good 4 U ,Olivia Rodrigo
2021,6, Kiss Me More ,Doja Cat
2021,6, Kiss Me More ,SZA
2021,7, Leave the Door Open ,Silk Sonic
2021,7, Leave the Door Open ,Bruno Mars
2021,7, Leave the Door Open ,Anderson .Paak
2021,8, Drivers License ,Olivia Rodrigo
2021,9, Montero (Call Me by Your Name) ,Lil Nas X
2021,10, Peaches ,Justin Bieber
2021,10, Peaches ,Daniel Caesar
2021,10, Peaches ,Giveon
2021,11, Butter ,BTS
2021,12, Stay ,The Kid Laroi
2021,12, Stay ,Justin Bieber
2021,13, Deja Vu ,Olivia Rodrigo
2021,14, Positions ,Ariana Grande
2021,15, Bad Habits ,Ed Sheeran
2021,16, Heat Waves ,Glass Animals
2021,17, Without You ,The Kid Laroi
2021,18, Forever After All ,Luke Combs
2021,19, Go Crazy ,Chris Brown
2021,19, Go Crazy ,Young Thug
2021,20, Astronaut in the Ocean ,Masked Wolf
2021,21, 34+35 ,Ariana Grande
2021,21, 34+35 ,Doja Cat
2021,21, 34+35 ,Megan Thee Stallion
2021,22, What You Know Bout Love ,Pop Smoke
2021,23, My Ex's Best Friend ,Machine Gun Kelly
2021,23, My Ex's Best Friend ,Blackbear
2021,24, Industry Baby ,Lil Nas X
2021,24, Industry Baby ,Jack Harlow
2021,25, Therefore I Am ,Billie Eilish
2021,26, Up ,Cardi B
2021,27, Fancy Like ,Walker Hayes
2021,28, Dakiti ,Bad Bunny
2021,28, Dakiti ,Jhay Cortez
2021,29, Best Friend ,Saweetie
2021,29, Best Friend ,Doja Cat
2021,30, Rapstar ,Polo G
2021,31, Heartbreak Anniversary ,Giveon
2021,32, For the Night ,Pop Smoke
2021,32, For the Night ,Lil Baby
2021,32, For the Night ,DaBaby
2021,33, Calling My Phone ,Lil Tjay
2021,33, Calling My Phone ,6lack
2021,34, Beautiful Mistakes ,Maroon 5
2021,34, Beautiful Mistakes ,Megan Thee Stallion
2021,35, Holy ,Justin Bieber
2021,35, Holy ,Chance The Rapper
2021,36, On Me ,Lil Baby
2021,37, You Broke Me First ,Tate Mcrae
2021,38, Traitor ,Olivia Rodrigo
2021,39, Back in Blood ,Pooh Shiesty
2021,39, Back in Blood ,Lil Durk
2021,40, I Hope ,Gabby Barrett
2021,40, I Hope ,Charlie Puth
2021,41, Dynamite ,BTS
2021,42, Wockesha ,Moneybagg Yo
2021,43, You Right ,Doja Cat
2021,43, You Right ,The Weeknd
2021,44," Beat Box 2 "" / "" Beat Box 3 ",SpotemGottem
2021,44," Beat Box 2 "" / "" Beat Box 3 ",Pooh Shiesty
2021,44," Beat Box 2 "" / "" Beat Box 3 ",DaBaby
2021,45, Laugh Now Cry Later ,Drake
2021,45, Laugh Now Cry Later ,Lil Durk
2021,46, Need to Know ,Doja Cat
2021,47, Wants and Needs ,Drake
2021,47, Wants and Needs ,Lil Baby
2021,48, Way 2 Sexy ,Drake
2021,48, Way 2 Sexy ,Future
2021,48, Way 2 Sexy ,Young Thug
2021,49, Telepatía ,Kali Uchis
2021,50, Whoopty ,CJ
2021,51, Lemonade ,Internet Money
2021,51, Lemonade ,Gunna
2021,51, Lemonade ,Don Toliver
2021,51, Lemonade ,Nav
2021,52, Good Days ,SZA
2021,53, Starting Over ,Chris Stapleton
2021,54, Body ,Megan Thee Stallion
2021,55, Willow ,Taylor Swift
2021,56, Bang! ,AJR
2021,57, Better Together ,Luke Combs
2021,58, You're Mines Still ,Yung Bleu
2021,58, You're Mines Still ,Drake
2021,59, Every Chance I Get ,Dj Khaled
2021,59, Every Chance I Get ,Lil Baby
2021,59, Every Chance I Get ,Lil Durk
2021,60, Essence ,Wizkid
2021,60, Essence ,Justin Bieber
2021,60, Essence ,Tems
2021,61, Chasing After You ,Ryan Hurd
2021,61, Chasing After You ,Maren Morris
2021,62, The Good Ones ,Gabby Barrett
2021,63, Leave Before You Love Me ,Marshmello
2021,63, Leave Before You Love Me ,Jonas Brothers
2021,64, Glad You Exist ,Dan + Shay
2021,65, Lonely ,Justin Bieber
2021,65, Lonely ,Benny Blanco
2021,66, Beggin' ,Måneskin
2021,67, Streets ,Doja Cat
2021,68, What's Next ,Drake
2021,69, Famous Friends ,Chris Young
2021,69, Famous Friends ,Kane Brown
2021,70, Lil Bit ,Nelly
2021,70, Lil Bit ,Florida Georgia Line
2021,71, Thot Shit ,Megan Thee Stallion
2021,72, Late at Night ,Roddy Ricch
2021,73, Kings & Queens ,Ava Max
2021,74, Anyone ,Justin Bieber
2021,75, Track Star ,Mooski
2021,76, Time Today ,Moneybagg Yo
2021,77, Cry Baby ,Megan Thee Stallion
2021,77, Cry Baby ,DaBaby
2021,78, All I Want for Christmas Is You ,Mariah Carey
2021,79, No More Parties ,Coi Leray
2021,79, No More Parties ,Lil Durk
2021,80, What's Your Country Song ,Thomas Rhett
2021,81, One Too Many ,Keith Urban
2021,81, One Too Many ,Pink
2021,82, Arcade ,Duncan Laurence
2021,83, Yonaguni ,Bad Bunny
2021,84, Good Time ,Niko Moon
2021,85, If I Didn't Love You ,Jason Aldean
2021,85, If I Didn't Love You ,Carrie Underwood
2021,86, Knife Talk ,Drake
2021,86, Knife Talk ,21 Savage
2021,86, Knife Talk ,Project Pat
2021,87, POV ,Ariana Grande
2021,88, Just the Way ,Parmalee
2021,88, Just the Way ,Blanco Brown
2021,89, Take My Breath ,The Weeknd
2021,90, We're Good ,Dua Lipa
2021,91, Hell of a View ,Eric Church
2021,92, Rockin' Around the Christmas Tree ,Brenda Lee
2021,93, Put Your Records On ,Ritt Momney
2021,94, Happier Than Ever ,Billie Eilish
2021,95, Single Saturday Night ,Cole Swindell
2021,96, Things a Man Oughta Know ,Lainey Wilson
2021,97, Throat Baby (Go Baby) ,Brs Kash
2021,98, Tombstone ,Rod Wave
2021,99, Drinkin' Beer. Talkin' God. Amen. ,Chase Rice
2021,99, Drinkin' Beer. Talkin' God. Amen. ,Florida Georgia Line
2021,100, Todo de Ti ,Rauw Alejandro
2022,1, Heat Waves ,Glass Animals
2022,2, As It Was ,Harry Styles
2022,3, Stay ,The Kid Laroi
2022,3, Stay ,Justin Bieber
2022,4, Easy on Me ,Adele
2022,5, Shivers ,Ed Sheeran
2022,6, First Class ,Jack Harlow
2022,7, Big Energy ,Latto
2022,8, Ghost ,Justin Bieber
2022,9, Super Gremlin ,Kodak Black
2022,10, Cold Heart (Pnau Remix) ,Elton John
2022,10, Cold Heart (Pnau Remix) ,Dua Lipa
2022,11, Wait for U ,Future
2022,11, Wait for U ,Drake
2022,11, Wait for U ,Tems
2022,12, About Damn Time ,Lizzo
2022,13, Bad Habits ,Ed Sheeran
2022,14, Thats What I Want ,Lil Nas X
2022,15, Enemy ,Imagine Dragons
2022,15, Enemy ,JID
2022,16, Industry Baby ,Lil Nas X
2022,16, Industry Baby ,Jack Harlow
2022,17, ABCDEFU ,Gayle
2022,18, Need to Know ,Doja Cat
2022,19, Wasted on You ,Morgan Wallen
2022,20, Me Porto Bonito ,Bad Bunny
2022,20, Me Porto Bonito ,Chencho Corleone
2022,21, Woman ,Doja Cat
2022,22, Tití Me Preguntó ,Bad Bunny
2022,23, Running Up That Hill (A Deal with God) ,Kate Bush
2022,24, We Don't Talk About Bruno ,Carolina Gaitán
2022,24, We Don't Talk About Bruno ,Mauro Castillo
2022,24, We Don't Talk About Bruno ,Adassa
2022,24, We Don't Talk About Bruno ,Rhenzy Feliz
2022,24, We Don't Talk About Bruno ,Diane Guerrero
2022,24, We Don't Talk About Bruno ,Stephanie Beatriz
2022,24, We Don't Talk About Bruno ,the
2022,24, We Don't Talk About Bruno ,Encanto
2022,24, We Don't Talk About Bruno ,cast
2022,25, Late Night Talking ,Harry Styles
2022,26, I Like You (A Happier Song) ,Post Malone
2022,26, I Like You (A Happier Song) ,Doja Cat
2022,27, You Proof ,Morgan Wallen
2022,28, Bad Habit ,Steve Lacy
2022,29, Sunroof ,Nicky Youre
2022,29, Sunroof ,Dazy
2022,30, One Right Now ,Post Malone
2022,30, One Right Now ,The Weeknd
2022,31, Good 4 U ,Olivia Rodrigo
2022,32, Numb Little Bug ,Em Beihold
2022,33, Jimmy Cooks ,Drake
2022,33, Jimmy Cooks ,21 Savage
2022,34, 'Til You Can't ,Cody Johnson
2022,35, Fancy Like ,Walker Hayes
2022,36, The Kind of Love We Make ,Luke Combs
2022,37, I Ain't Worried ,OneRepublic
2022,38, Break My Soul ,Beyoncé
2022,39, Something in the Orange ,Zach Bryan
2022,40, Save Your Tears ,The Weeknd
2022,40, Save Your Tears ,Ariana Grande
2022,41, Smokin out the Window ,Silk Sonic
2022,41, Smokin out the Window ,Bruno Mars
2022,41, Smokin out the Window ,Anderson .Paak
2022,42, Levitating ,Dua Lipa
2022,43, In a Minute ,Lil Baby
2022,44, Moscow Mule ,Bad Bunny
2022,45, You Right ,Doja Cat
2022,45, You Right ,The Weeknd
2022,46, She Had Me at Heads Carolina ,Cole Swindell
2022,47, Vegas ,Doja Cat
2022,48, Pushin P ,Gunna
2022,48, Pushin P ,Future
2022,48, Pushin P ,Young Thug
2022,49, Buy Dirt ,Jordan Davis
2022,49, Buy Dirt ,Luke Bryan
2022,50, I Hate U ,SZA
2022,51, Boyfriend ,Dove Cameron
2022,52, Glimpse of Us ,Joji
2022,53, Surface Pressure ,Jessica Darrow
2022,54, Fall in Love ,Bailey Zimmerman
2022,55, Love Nwantiti (Ah Ah Ah) ,CKay
2022,56, Super Freaky Girl ,Nicki Minaj
2022,57, Hrs and Hrs ,Muni Long
2022,58, Sand in My Boots ,Morgan Wallen
2022,59, Mamiii ,Becky G
2022,59, Mamiii ,Karol G
2022,60, Knife Talk ,Drake
2022,60, Knife Talk ,21 Savage
2022,60, Knife Talk ,Project Pat
2022,61, AA ,Walker Hayes
2022,62, Sweetest Pie ,Megan Thee Stallion
2022,62, Sweetest Pie ,Dua Lipa
2022,63, Provenza ,Karol G
2022,64, Essence ,Wizkid
2022,64, Essence ,Justin Bieber
2022,64, Essence ,Tems
2022,65, All I Want for Christmas Is You ,Mariah Carey
2022,66, Bam Bam ,Camila Cabello
2022,66, Bam Bam ,Ed Sheeran
2022,67, 5 Foot 9 ,Tyler Hubbard
2022,68, Get Into It (Yuh) ,Doja Cat
2022,69, Efecto ,Bad Bunny
2022,70, Rock and a Hard Place ,Bailey Zimmerman
2022,71, Doin' This ,Luke Combs
2022,72, Oh My God ,Adele
2022,73, Better Days ,Neiked
2022,73, Better Days ,Mae Muller
2022,73, Better Days ,Polo G
2022,74, Meet Me at Our Spot ,The Anxiety
2022,74, Meet Me at Our Spot ,Willow
2022,74, Meet Me at Our Spot ,Tyler Cole
2022,75, Fingers Crossed ,Lauren Spencer-Smith
2022,76, All Too Well (Taylor's Version) ,Taylor Swift
2022,77, Party ,Bad Bunny
2022,77, Party ,Rauw Alejandro
2022,78, Después de la Playa ,Bad Bunny
2022,79, You Should Probably Leave ,Chris Stapleton
2022,80, Rockin' Around the Christmas Tree ,Brenda Lee
2022,81, Broadway Girls ,Lil Durk
2022,81, Broadway Girls ,Morgan Wallen
2022,82, Take My Name ,Parmalee
2022,83, What Happened to Virgil ,Lil Durk
2022,83, What Happened to Virgil ,Gunna
2022,84, Puffin on Zootiez ,Future
2022,85, Like I Love Country Music ,Kane Brown
2022,86, Jingle Bell Rock ,Bobby Helms
2022,87, Ojitos Lindos ,Bad Bunny
2022,87, Ojitos Lindos ,Bomba Estéreo
2022,88, Trouble with a Heartbreak ,Jason Aldean
2022,89, A Holly Jolly Christmas ,Burl Ives
2022,90, Kiss Me More ,Doja Cat
2022,90, Kiss Me More ,SZA
2022,91, She Likes It ,Russell Dickerson
2022,91, She Likes It ,Jake Scott
2022,92, Never Say Never ,Cole Swindell
2022,92, Never Say Never ,Lainey Wilson
2022,93, Damn Strait ,Scotty Mccreery
2022,94, She's All I Wanna Be ,Tate Mcrae
2022,95, Last Night Lonely ,Jon Pardi
2022,96, Flower Shops ,Ernest
2022,96, Flower Shops ,Morgan Wallen
2022,97, To the Moon ,Jnr Choi
2022,97, To the Moon ,Sam Tompkins
2022,98, Unholy ,Sam Smith
2022,98, Unholy ,Kim Petras
2022,99, One Mississippi ,Kane Brown
2022,100, Circles Around This Town ,Maren Morris
2023,1, Last Night ,Morgan Wallen
2023,2, Flowers ,Miley Cyrus
2023,3, Kill Bill ,SZA
2023,4, Anti-Hero ,Taylor Swift
2023,5, Creepin ' ,Metro Boomin
2023,5, Creepin ' ,The Weeknd
2023,5, Creepin ' ,21 Savage
2023,6, Calm Down ,Rema
2023,6, Calm Down ,Selena Gomez
2023,7, Die for You ,The Weeknd
2023,7, Die for You ,Ariana Grande
2023,8, Fast Car ,Luke Combs
2023,9, Snooze ,SZA
2023,10, I'm Good (Blue) ,David Guetta
2023,10, I'm Good (Blue) ,Bebe Rexha
2023,11, Unholy ,Sam Smith
2023,11, Unholy ,Kim Petras
2023,12, You Proof ,Morgan Wallen
2023,13, Something in the Orange ,Zach Bryan
2023,14, Rich Flex ,Drake
2023,14, Rich Flex ,21 Savage
2023,15, As It Was ,Harry Styles
2023,16, Rock and a Hard Place ,Bailey Zimmerman
2023,17, Under the Influence ,Chris Brown
2023,18, Cruel Summer ,Taylor Swift
2023,19, Thinkin' Bout Me ,Morgan Wallen
2023,20, Boy's a Liar Pt. 2 ,PinkPantheress
2023,20, Boy's a Liar Pt. 2 ,Ice Spice
2023,21, Favorite Song ,Toosii
2023,22, Thought You Should Know ,Morgan Wallen
2023,23, Thank God ,Kane Brown
2023,23, Thank God ,Katelyn Brown
2023,24, Sure Thing ,Miguel
2023,25, All My Life ,Lil Durk
2023,25, All My Life ,J. Cole
2023,26, Ella Baila Sola ,Eslabon Armado
2023,26, Ella Baila Sola ,Peso Pluma
2023,27, Karma ,Taylor Swift
2023,27, Karma ,Ice Spice
2023,28, Just Wanna Rock ,Lil Uzi Vert
2023,29, Cuff It ,Beyoncé
2023,30, Vampire ,Olivia Rodrigo
2023,31, FukUMean ,Gunna
2023,32, Lavender Haze ,Taylor Swift
2023,33, Players ,Coi Leray
2023,34, Need a Favor ,Jelly Roll
2023,35, Dance the Night ,Dua Lipa
2023,36, Love You Anyway ,Luke Combs
2023,37, One Thing at a Time ,Morgan Wallen
2023,38, Superhero (Heroes & Villains) ,Metro Boomin
2023,38, Superhero (Heroes & Villains) ,Future
2023,38, Superhero (Heroes & Villains) ,Chris Brown
2023,39, Bad Habit ,Steve Lacy
2023,40, La Bebé ,Yng Lvcas
2023,40, La Bebé ,Peso Pluma
2023,41, Golden Hour ,Jvke
2023,42, Religiously ,Bailey Zimmerman
2023,43, Spin Bout U ,Drake
2023,43, Spin Bout U ,21 Savage
2023,44, Cupid ,Fifty Fifty
2023,45, Search & Rescue ,Drake
2023,46, Barbie World ,Nicki Minaj
2023,46, Barbie World ,Ice Spice
2023,46, Barbie World ,Aqua
2023,47, Next Thing You Know ,Jordan Davis
2023,48, Escapism ,Raye
2023,48, Escapism ,070 Shake
2023,49, Un x100to ,Grupo Frontera
2023,49, Un x100to ,Bad Bunny
2023,50, Until I Found You ,Stephen Sanchez
2023,51, Shirt ,SZA
2023,52, Paint the Town Red ,Doja Cat
2023,53, Made You Look ,Meghan Trainor
2023,54, Wait in the Truck ,Hardy
2023,54, Wait in the Truck ,Lainey Wilson
2023,55, All I Want for Christmas Is You ,Mariah Carey
2023,56, Everything I Love ,Morgan Wallen
2023,57, Chemical ,Post Malone
2023,58, Heart Like a Truck ,Lainey Wilson
2023,59," Going, Going, Gone ",Luke Combs
2023,60, Rockin' Around the Christmas Tree ,Brenda Lee
2023,61, Dancin' in the Country ,Tyler Hubbard
2023,62, Daylight ,David Kushner
2023,63, Lift Me Up ,Rihanna
2023,64, Eyes Closed ,Ed Sheeran
2023,65, TQG ,Karol G
2023,65, TQG ,Shakira
2023,66, Try That in a Small Town ,Jason Aldean
2023,67, Tennessee Orange ,Megan Moroney
2023,68, Jingle Bell Rock ,Bobby Helms
2023,69, Princess Diana ,Ice Spice
2023,69, Princess Diana ,Nicki Minaj
2023,70, Tomorrow 2 ,GloRilla
2023,70, Tomorrow 2 ,Cardi B
2023,71, A Holly Jolly Christmas ,Burl Ives
2023,72, Where She Goes ,Bad Bunny
2023,73, Bebe Dame ,Fuerza Regida
2023,73, Bebe Dame ,Grupo Frontera
2023,74, I Remember Everything ,Zach Bryan
2023,74, I Remember Everything ,Kacey Musgraves
2023,75, I Like You (A Happier Song) ,Post Malone
2023,75, I Like You (A Happier Song) ,Doja Cat
2023,76, What It Is (Block Boy) ,Doechii
2023,76, What It Is (Block Boy) ,Kodak Black
2023,77, Nobody Gets Me ,SZA
2023,78, Rich Men North of Richmond ,Oliver Anthony Music
2023,79, Super Freaky Girl ,Nicki Minaj
2023,80, Dial Drunk ,Noah Kahan
2023,80, Dial Drunk ,Post Malone
2023,81, What Was I Made For? ,Billie Eilish
2023,82, Seven ,Jung Kook
2023,82, Seven ,Latto
2023,83, Wait for U ,Future
2023,83, Wait for U ,Drake
2023,83, Wait for U ,Tems
2023,84, Last Christmas ,Wham!
2023,85, Handle on You ,Parker Mccollum
2023,86, Por Las Noches ,Peso Pluma
2023,87, Memory Lane ,Old Dominion
2023,88, Area Codes ,Kaliii
2023,89, Bury Me in Georgia ,Kane Brown
2023,90, PRC ,Peso Pluma
2023,90, PRC ,Natanael Cano
2023,91, What My World Spins Around ,Jordan Davis
2023,92, Ain't That Some ,Morgan Wallen
2023,93, Wild as Her ,Corey Kent
2023,94, Peaches & Eggplants ,Young Nudy
2023,94, Peaches & Eggplants ,21 Savage
2023,95, I Wrote the Book ,Morgan Wallen
2023,96," Bzrp Music Sessions, Vol. 53 ",Bizarrap
2023,96," Bzrp Music Sessions, Vol. 53 ",Shakira
2023,97, Meltdown ,Travis Scott
2023,97, Meltdown ,Drake
2023,98, Put It on da Floor Again ,Latto
2023,98, Put It on da Floor Again ,Cardi B
2023,99, Bloody Mary ,Lady Gaga
2023,100, Watermelon Moonshine ,Lainey Wilson
2024,1, Lose Control ,Teddy Swims
2024,2, A Bar Song (Tipsy) ,Shaboozey
2024,3, Beautiful Things ,Benson Boone
2024,4, I Had Some Help ,Post Malone
2024,4, I Had Some Help ,Morgan Wallen
2024,5, Lovin on Me ,Jack Harlow
2024,6, Not Like Us ,Kendrick Lamar
2024,7, Espresso ,Sabrina Carpenter
2024,8, Million Dollar Baby ,Tommy Richman
2024,9, I Remember Everything ,Zach Bryan
2024,9, I Remember Everything ,Kacey Musgraves
2024,10, Too Sweet ,Hozier
2024,11, Stick Season ,Noah Kahan
2024,12, Cruel Summer ,Taylor Swift
2024,13, Greedy ,Tate Mcrae
2024,14, Like That ,Future
2024,14, Like That ,Metro Boomin
2024,14, Like That ,Kendrick Lamar
2024,15, Birds of a Feather ,Billie Eilish
2024,16, Please Please Please ,Sabrina Carpenter
2024,17, Agora Hills ,Doja Cat
2024,18," Good Luck, Babe! ",Chappell Roan
2024,19, Saturn ,SZA
2024,20, Snooze ,SZA
2024,21, Paint the Town Red ,Doja Cat
2024,22, Fortnight ,Taylor Swift
2024,22, Fortnight ,Post Malone
2024,23, Fast Car ,Luke Combs
2024,24, Water ,Tyla
2024,25, Feather ,Sabrina Carpenter
2024,26, We Can't Be Friends (Wait for Your Love) ,Ariana Grande
2024,27, Austin ,Dasha
2024,28, Last Night ,Morgan Wallen
2024,29, Cowgirls ,Morgan Wallen
2024,29, Cowgirls ,Ernest
2024,30, Pink Skies ,Zach Bryan
2024,31, Thinkin' Bout Me ,Morgan Wallen
2024,32, Texas Hold 'Em ,Beyoncé
2024,33, Is It Over Now? ,Taylor Swift
2024,34, Miles on It ,Marshmello
2024,34, Miles on It ,Kane Brown
2024,35, I Can Do It with a Broken Heart ,Taylor Swift
2024,36, Wild Ones ,Jessie Murph
2024,36, Wild Ones ,Jelly Roll
2024,37, Ain't No Love in Oklahoma ,Luke Combs
2024,38, Carnival ,¥$
2024,38, Carnival ,Kanye West
2024,38, Carnival ,Ty Dolla Sign
2024,38, Carnival ,Rich The Kid
2024,38, Carnival ,Playboi Carti
2024,39, Houdini ,Eminem
2024,40, Wanna Be ,GloRilla
2024,40, Wanna Be ,Megan Thee Stallion
2024,41, Slow It Down ,Benson Boone
2024,42, Redrum ,21 Savage
2024,43, Houdini ,Dua Lipa
2024,44, Yeah Glo! ,GloRilla
2024,45, Rich Baby Daddy ,Drake
2024,45, Rich Baby Daddy ,Sexyy Red
2024,45, Rich Baby Daddy ,SZA
2024,46, What Was I Made For? ,Billie Eilish
2024,47, End of Beginning ,Djo
2024,48, Lunch ,Billie Eilish
2024,49, Never Lose Me ,Flo Milli
2024,50, Lies Lies Lies ,Morgan Wallen
2024,51, Type Shit ,Future
2024,51, Type Shit ,Metro Boomin
2024,51, Type Shit ,Travis Scott
2024,51, Type Shit ,Playboi Carti
2024,52, Gata Only ,FloyyMenor
2024,52, Gata Only ,Cris Mj
2024,53, Hot to Go! ,Chappell Roan
2024,54, All I Want for Christmas Is You ,Mariah Carey
2024,55, Get It Sexyy ,Sexyy Red
2024,56, Made for Me ,Muni Long
2024,57, Vampire ,Olivia Rodrigo
2024,58, Whatever She Wants ,Bryson Tiller
2024,59, Rockin' Around the Christmas Tree ,Brenda Lee
2024,60, Pretty Little Poison ,Warren Zeiders
2024,61, First Person Shooter ,Drake
2024,61, First Person Shooter ,J. Cole
2024,62, Die with a Smile ,Lady Gaga
2024,62, Die with a Smile ,Bruno Mars
2024,63, I Like the Way You Kiss Me ,Artemas
2024,64, Need a Favor ,Jelly Roll
2024,65, Save Me ,Jelly Roll
2024,65, Save Me ,Lainey Wilson
2024,66, Euphoria ,Kendrick Lamar
2024,67, Truck Bed ,Hardy
2024,68, Jingle Bell Rock ,Bobby Helms
2024,69, Flowers ,Miley Cyrus
2024,70, Where the Wild Things Are ,Luke Combs
2024,71, Everybody ,Nicki Minaj
2024,71, Everybody ,Lil Uzi Vert
2024,72, La Diabla ,Xavi
2024,73, Stargazing ,Myles Smith
2024,74, Last Christmas ,Wham!
2024,75, I Am Not Okay ,Jelly Roll
2024,76, Pour Me a Drink ,Post Malone
2024,76, Pour Me a Drink ,Blake Shelton
2024,77, White Horse ,Chris Stapleton
2024,78, Lil Boo Thang ,Paul Russell
2024,79, Good Good ,Usher
2024,79, Good Good ,Summer Walker
2024,79, Good Good ,21 Savage
2024,80, Act II: Date @ 8 ,4Batz
2024,80, Act II: Date @ 8 ,Drake
2024,81, High Road ,Koe Wetzel
2024,81, High Road ,Jessie Murph
2024,82, Monaco ,Bad Bunny
2024,83, IDGAF ,Drake
2024,83, IDGAF ,Yeat
2024,84, Burn It Down ,Parker Mccollum
2024,85, FukUMean ,Gunna
2024,86, Taste ,Sabrina Carpenter
2024,87, Where It Ends ,Bailey Zimmerman
2024,88, FTCU ,Nicki Minaj
2024,89, Wildflower ,Billie Eilish
2024,90, World on Fire ,Nate Smith
2024,91, On My Mama ,Victoria Monét
2024,92," Yes, And? ",Ariana Grande
2024,93, Exes ,Tate Mcrae
2024,94, A Holly Jolly Christmas ,Burl Ives
2024,95, Wind Up Missin' You ,Tucker Wetmore
2024,96, Bulletproof ,Nate Smith
2024,97, Fe!n ,Travis Scott
2024,97, Fe!n ,Playboi Carti
2024,98, The Painter ,Cody Johnson
2024,99, Down Bad ,Taylor Swift
2024,100, Dance the Night ,Dua Lipa
